survived,pclass,sex,age,sibsp,parch,ticket,fare,embarked
0,3,0,22,1,0,21171,7,2
1,1,1,38,1,0,17599,71,0
1,3,1,26,0,0,3101282,7,2
1,1,1,35,1,0,113803,53,2
0,3,0,35,0,0,373450,8,2
0,3,0,30.609299773510784,0,0,330877,8,1
0,1,0,54,0,0,17463,51,2
0,3,0,2,3,1,349909,21,2
1,3,1,27,0,2,347742,11,2
1,2,1,14,1,0,237736,30,0
1,3,1,4,1,1,9549,16,2
1,1,1,58,0,0,113783,26,2
0,3,0,20,0,0,2151,8,2
0,3,0,39,1,5,347082,31,2
0,3,1,14,0,0,350406,7,2
1,2,1,55,0,0,248706,16,2
0,3,0,2,4,1,382652,29,1
1,2,0,32.739919101855364,0,0,244373,13,2
0,3,1,31,1,0,345763,18,2
1,3,1,19.180288066677925,0,0,2649,7,0
0,2,0,35,0,0,239865,26,2
1,2,0,34,0,0,248698,13,2
1,3,1,15,0,0,330923,8,1
1,1,0,28,0,0,113788,35,2
0,3,1,8,3,1,349909,21,2
1,3,1,38,1,5,347077,31,2
0,3,0,23.772818967908226,0,0,2631,7,0
0,1,0,19,3,2,19950,263,2
1,3,1,26.459811397907256,0,0,330959,7,1
0,3,0,27.9028974879017,0,0,349216,7,2
0,1,0,40,0,0,17601,27,0
1,1,1,34.21067879177996,1,0,17569,146,0
1,3,1,26.52971785898431,0,0,335677,7,1
0,2,0,66,0,0,24579,10,2
0,1,0,28,1,0,17604,82,0
0,1,0,42,1,0,113789,52,2
1,3,0,23.774185045085027,0,0,2677,7,0
0,3,0,21,0,0,2152,8,2
0,3,1,18,2,0,345764,18,2
1,3,1,14,1,0,2651,11,0
0,3,1,40,1,0,7546,9,2
0,2,1,27,1,0,11668,21,2
0,3,0,34.066566863047775,0,0,349253,7,0
1,2,1,3,1,2,2123,41,0
1,3,1,19,0,0,330958,7,1
0,3,0,27.72195294273016,0,0,23567,8,2
0,3,0,26.33979402918055,1,0,370371,15,1
1,3,1,21.768047708393304,0,0,14311,7,1
0,3,0,10.648923733220194,2,0,2662,21,0
0,3,1,18,1,0,349237,17,2
0,3,0,7,4,1,3101295,39,2
0,3,0,21,0,0,39886,7,2
1,1,1,49,1,0,17572,76,0
1,2,1,29,1,0,2926,26,2
0,1,0,65,0,1,113509,61,0
1,1,0,42.143102761404464,0,0,19947,35,2
1,2,1,21,0,0,31026,10,2
0,3,0,28,0,0,2697,7,0
1,2,1,5,1,2,34651,27,2
0,3,0,11,5,2,2144,46,2
0,3,0,22,0,0,2669,7,0
1,1,1,38,0,0,113572,80,-1
0,1,0,45,1,0,36973,83,2
0,3,0,4,3,2,347088,27,2
0,1,0,44.719356394572166,0,0,17605,27,0
1,3,0,15.516716354103984,1,1,2661,15,0
1,2,1,29,0,0,29395,10,2
0,3,0,19,0,0,3464,8,2
1,3,1,17,4,2,3101281,7,2
0,3,0,26,2,0,315151,8,2
0,2,0,32,0,0,33111,10,2
0,3,1,16,5,2,2144,46,2
0,2,0,21,0,0,14879,73,2
0,3,0,26,1,0,2680,14,0
1,3,0,32,0,0,1601,56,2
0,3,0,25,0,0,348123,7,2
0,3,0,27.902895061041637,0,0,349208,7,2
0,3,0,27.805673062727646,0,0,374746,8,2
1,2,0,0,0,2,248738,29,2
1,3,1,30,0,0,364516,12,2
0,3,0,22,0,0,345767,9,2
1,3,0,29,0,0,345779,9,2
1,3,1,26.459411339736615,0,0,330932,7,1
0,1,0,28,0,0,113059,47,2
1,2,1,17,0,0,14885,10,2
1,3,1,33,3,0,3101278,15,2
0,3,0,16,1,3,6608,34,2
0,3,0,27.809806871642067,0,0,392086,8,2
1,1,1,23,3,2,19950,263,2
0,3,0,24,0,0,343275,8,2
0,3,0,29,0,0,343276,8,2
0,3,0,20,0,0,347466,7,2
0,1,0,46,1,0,5734,61,2
0,3,0,26,1,2,2315,20,2
0,3,0,59,0,0,364500,7,2
0,3,0,27.805712159882322,0,0,374910,8,2
0,1,0,71,0,0,17754,34,0
1,1,0,23,0,1,17759,63,0
1,2,1,34,0,1,231919,23,2
0,2,0,34,1,0,244367,26,2
0,3,1,28,0,0,349245,7,2
0,3,0,27.90289718454419,0,0,349215,7,2
0,1,0,21,0,1,35281,77,2
0,3,0,33,0,0,7540,8,2
0,3,0,37,2,0,3101276,7,2
0,3,0,28,0,0,349207,7,2
1,3,1,21,0,0,343120,7,2
1,3,0,27.891908362191746,0,0,312991,7,2
0,3,0,38,0,0,349249,7,2
1,3,1,20.737664877219352,1,0,371110,24,1
0,1,0,47,0,0,110465,52,2
0,3,1,14,1,0,2665,14,0
0,3,0,22,0,0,324669,8,2
0,3,1,20,1,0,4136,9,2
0,3,1,17,0,0,2627,14,0
0,3,0,21,0,0,3101294,7,2
0,3,0,70,0,0,370369,7,1
0,2,0,29,1,0,11668,21,2
0,1,0,24,0,1,17558,247,0
0,3,1,2,4,2,347082,31,2
0,2,0,21,2,0,14879,73,2
0,3,0,27.729329669906562,0,0,54510,8,2
0,2,0,32,1,0,237736,30,0
1,2,1,32,0,0,27267,13,2
0,1,0,54,0,1,35281,77,2
1,3,0,12,1,0,2651,11,0
0,3,0,31.30153004658948,0,0,370372,7,1
1,3,0,24,0,0,17369,7,2
1,3,1,13.038343081943857,1,1,2668,22,0
0,3,0,45,0,0,347061,6,2
0,3,0,33,0,0,349241,7,0
0,3,0,20,0,0,3101307,7,2
0,3,1,47,1,0,3337,14,2
1,2,1,29,1,0,228414,26,2
0,2,0,25,0,0,29178,13,2
0,2,0,23,0,0,2133,15,0
1,1,1,19,0,2,11752,26,2
0,1,0,37,1,0,113803,53,2
0,3,0,16,0,0,7534,9,2
0,1,0,24,0,0,17593,79,0
0,3,1,20.783249308183944,0,2,2678,15,0
1,3,1,22,0,0,347081,7,2
1,3,1,24,1,0,3101279,15,2
0,3,0,19,0,0,365222,6,1
0,2,0,18,0,0,231945,11,2
0,2,0,19,1,1,33112,36,2
1,3,0,27,0,0,350043,7,2
0,3,1,9,2,2,6608,34,2
0,2,0,36,0,2,230080,26,2
0,2,0,42,0,0,244310,13,2
0,2,0,51,0,0,1166,12,2
1,1,1,22,1,0,113776,66,2
0,3,0,55,0,0,11206,8,2
0,3,0,40,0,2,851,14,2
0,3,0,27.877441546015582,0,0,265302,7,2
0,1,0,51,0,1,17597,61,0
1,3,1,16,0,0,35851,7,1
0,3,0,30,0,0,392090,8,2
0,3,0,27.791438599263348,0,0,315037,8,2
0,3,0,10.41858064294616,8,2,2343,69,2
0,3,0,44,0,1,371362,16,2
1,2,1,40,0,0,33595,15,2
0,3,0,26,0,0,347068,7,2
0,3,0,17,0,0,315093,8,2
0,3,0,1,4,1,3101295,39,2
1,3,0,9,0,2,363291,20,2
1,1,1,30.894416073310936,0,1,113505,55,2
0,3,1,45,1,4,347088,27,2
0,1,0,42.50838909196839,0,0,17318,25,2
0,3,0,28,0,0,1601,56,2
0,1,0,61,0,0,111240,33,2
0,3,0,4,4,1,382652,29,1
1,3,1,1,1,1,347742,11,2
0,3,0,21,0,0,3101280,7,2
0,1,0,56,0,0,17764,30,0
0,3,0,18,1,1,350404,7,2
0,3,0,16.635528284309967,3,1,4133,25,2
0,1,1,50,0,0,17595,28,0
0,2,0,30,0,0,250653,13,2
0,3,0,36,0,0,1024,0,2
0,3,1,10.609763459014367,8,2,2343,69,2
0,2,0,34.02412297736245,0,0,2131,15,0
0,3,0,9,4,2,347077,31,2
1,2,0,1,2,1,230136,39,2
1,3,1,4,0,2,315153,22,2
0,1,0,39.516546522563516,0,0,113767,50,2
1,3,1,21.883322527606655,1,0,370365,15,1
1,1,0,45,0,0,111428,26,2
0,3,0,40,1,1,364849,15,1
0,3,0,36,0,0,349247,7,2
1,2,1,32,0,0,234604,13,2
0,2,0,19,0,0,28424,13,2
1,3,1,19,1,0,350046,7,2
1,2,0,3,1,1,230080,26,2
1,1,1,44,0,0,17610,27,0
1,1,1,58,0,0,17569,146,0
0,3,0,31.27649447292253,0,0,368703,7,1
0,3,0,42,0,1,4579,8,2
1,3,1,27.043762974318394,0,0,370370,7,1
0,2,1,24,0,0,248747,13,2
0,3,0,28,0,0,345770,9,2
0,3,0,10.41858064294616,8,2,2343,69,2
0,3,0,34,0,0,3101264,6,2
0,3,0,45,0,0,2628,7,0
1,3,0,18,0,0,3540,8,2
0,3,1,2,0,1,347054,10,2
0,3,0,32,1,0,3101278,15,2
1,3,0,26,0,0,2699,18,0
1,3,1,16,0,0,367231,7,1
1,1,0,40,0,0,112277,31,0
0,3,0,24,0,0,3101311,7,2
1,2,1,35,0,0,13528,21,2
0,3,0,22,0,0,21174,7,2
0,2,0,30,0,0,250646,13,2
0,3,0,27.348130017426893,1,0,367229,7,1
1,1,1,31,1,0,35273,113,0
1,3,1,27,0,0,3101283,7,2
0,2,0,42,1,0,243847,27,2
1,1,1,32,0,0,11813,76,0
0,2,0,30,0,0,14208,10,2
1,3,0,16,0,0,392089,8,2
0,2,0,27,0,0,220367,13,2
0,3,0,51,0,0,21440,8,2
0,3,0,27.902902948336827,0,0,349234,7,2
1,1,0,38,1,0,19943,90,2
0,3,0,22,0,0,4348,9,2
1,2,0,19,0,0,751,10,2
0,3,0,20,0,0,21173,7,2
0,2,0,18,0,0,236171,13,2
0,3,1,14.826571650511765,3,1,4133,25,2
1,1,1,35,1,0,36973,83,2
0,3,0,29,0,0,347067,7,2
0,2,0,59,0,0,237442,13,2
1,3,1,5,4,2,347077,31,2
0,2,0,24,0,0,29566,10,2
0,3,1,24.01069149151594,0,0,6609,7,2
0,2,0,44,1,0,26707,26,2
1,2,1,8,0,2,31921,26,2
0,2,0,19,0,0,28665,10,2
0,2,0,33,0,0,1585,12,2
0,3,1,12.623904580913347,1,0,2665,14,0
1,3,1,21.837640533901265,1,0,367230,15,1
0,2,0,29,0,0,14263,10,2
0,3,0,22,0,0,3101275,7,2
0,3,0,30,0,0,2694,7,0
0,1,0,44,2,0,19928,90,1
0,3,1,25,0,0,347071,7,2
1,2,1,24,0,2,250649,14,2
1,1,0,37,1,1,11751,52,2
0,2,0,54,1,0,244252,26,2
0,3,0,27.90687147125022,0,0,362316,7,2
0,3,1,29,1,1,347054,10,2
0,1,0,62,0,0,113514,26,2
0,3,0,30,1,0,3336,16,2
0,3,1,41,0,2,370129,20,2
1,3,1,29,0,2,2650,15,0
1,1,1,39.916426623551736,0,0,17585,79,0
1,1,1,30,0,0,110152,86,2
1,1,1,35,0,0,17755,512,0
1,2,1,50,0,1,230433,26,2
0,3,0,31.51286988924601,0,0,384461,7,1
1,3,0,3,4,2,347077,31,2
0,1,0,52,1,1,110413,79,2
0,1,0,40,0,0,112059,0,2
0,3,1,27.225700540143976,0,0,382649,7,1
0,2,0,36,0,0,17248,10,2
0,3,0,16,4,1,3101295,39,2
1,3,0,25,1,0,347083,7,2
1,1,1,58,0,1,17582,153,2
1,1,1,35,0,0,17760,135,2
0,1,0,40.21865424339262,0,0,113798,31,2
1,3,0,25,0,0,1024,0,2
1,2,1,41,0,1,250644,19,2
0,1,0,37,0,1,17596,29,0
1,3,1,27.043837059164797,0,0,370375,7,1
1,1,1,63,1,0,13502,77,2
0,3,1,45,0,0,347073,7,2
0,2,0,33.705796632709664,0,0,239853,0,2
0,3,0,7,4,1,382652,29,1
1,3,1,35,1,1,2673,20,2
0,3,0,65,0,0,336439,7,1
0,3,0,28,0,0,347464,7,2
0,3,0,16,0,0,345778,9,2
1,3,0,19,0,0,10482,8,2
0,1,0,40.41955851135847,0,0,113056,26,2
0,3,0,33,0,0,349239,8,0
1,3,0,30,0,0,345774,9,2
0,3,0,22,0,0,349206,7,2
1,2,0,42,0,0,237798,13,2
1,3,1,22,0,0,370373,7,1
1,1,1,26,0,0,19877,78,2
1,1,1,19,1,0,11967,91,0
0,2,0,36,0,0,2163,12,0
0,3,1,24,0,0,349236,8,2
0,3,0,24,0,0,349233,7,2
0,1,0,44.71941121664682,0,0,17612,27,0
0,3,0,23,0,0,2693,7,0
0,1,1,2,1,2,113781,151,2
1,1,0,42.29668109055535,0,0,19988,30,2
1,1,1,50,0,1,17558,247,0
1,3,1,21.69282195534366,0,0,9234,7,1
1,3,0,20.85749806770452,2,0,367226,23,1
0,3,0,19,0,0,1024,0,2
1,2,1,31.959572442314503,0,0,226593,12,1
0,3,0,27.716922521628472,0,0,2466,8,2
1,1,0,0,1,2,113781,151,2
1,1,1,39.21863091901945,0,0,17421,110,0
1,1,1,17,1,0,17758,108,0
0,2,0,30,1,0,3381,24,0
1,1,1,30,0,0,17485,56,0
1,1,1,24,0,0,11767,83,0
1,1,1,18,2,2,17608,262,0
0,2,1,26,1,1,250651,26,2
0,3,0,28,0,0,349243,7,2
0,2,0,43,1,1,13529,26,2
1,3,1,26,0,0,347470,7,2
1,2,1,24,1,0,244367,26,2
0,2,0,54,0,0,29011,14,2
1,1,1,31,0,2,36928,164,2
1,1,1,40,1,1,16966,134,0
0,3,0,22,0,0,21172,7,2
0,3,0,27,0,0,349219,7,2
1,2,1,30,0,0,234818,12,1
1,2,1,22,1,1,248738,29,2
0,3,0,10.41858064294616,8,2,2343,69,2
1,1,1,36,0,0,17760,135,0
0,3,0,61,0,0,345364,6,2
1,2,1,36,0,0,28551,13,2
1,3,1,31,1,1,363291,20,2
1,1,1,16,0,1,111361,57,0
1,3,1,16.203043891422098,2,0,367226,23,1
0,1,0,45,0,0,113043,28,2
0,1,0,38,0,1,17582,153,2
0,3,0,16,2,0,345764,18,2
1,1,1,36.137473314258486,1,0,17611,133,2
0,3,0,27.902900218119264,0,0,349225,7,2
0,1,0,29,1,0,113776,66,2
1,1,1,41,0,0,16966,134,0
1,3,0,45,0,0,7598,8,2
0,1,0,45,0,0,113784,35,2
1,2,0,2,1,1,230080,26,2
1,1,1,24,3,2,19950,263,2
0,2,0,28,0,0,248740,13,2
0,2,0,25,0,0,244361,13,2
0,2,0,36,0,0,229236,13,2
1,2,1,24,0,0,248733,13,2
1,2,1,40,0,0,31418,13,2
1,3,1,20.349060936431577,1,0,386525,16,2
1,3,0,3,1,1,37671,15,2
0,3,0,42,0,0,315088,8,2
0,3,0,23,0,0,7267,9,2
0,1,0,40.077051214357546,0,0,113510,35,2
0,3,0,15,1,1,2695,7,0
0,3,0,25,1,0,349237,17,2
0,3,0,23.77329412518711,0,0,2647,7,0
0,3,0,28,0,0,345783,9,2
1,1,1,22,0,1,113505,55,2
0,2,1,38,0,0,237671,13,2
1,3,1,26.459396522767324,0,0,330931,7,1
1,3,1,26.460122554262195,0,0,330980,7,1
0,3,0,40,1,4,347088,27,2
0,2,0,29,1,0,2167,27,0
0,3,1,45,0,1,2691,14,0
0,3,0,35,0,0,3101310,7,2
0,3,0,26.339705499280903,1,0,370365,15,1
0,3,0,30,0,0,7076,7,2
1,1,1,60,1,0,110813,75,0
1,3,1,19.179609245701556,0,0,2626,7,0
1,3,1,21.768077342331868,0,0,14313,7,1
1,1,1,24,0,0,17477,69,0
1,1,0,25,1,0,11765,55,0
0,3,0,18,1,0,3101267,6,2
0,3,0,19,0,0,323951,8,2
0,1,0,22,0,0,17760,135,0
0,3,1,3,3,1,349909,21,2
1,1,1,37.55037966814858,1,0,17604,82,0
1,3,1,22,0,0,7077,7,2
0,1,0,27,0,2,113503,211,0
0,3,0,20,0,0,2648,4,0
0,3,0,19,0,0,347069,7,2
1,1,1,42,0,0,17757,227,0
1,3,1,1,0,2,2653,15,0
0,3,0,32,0,0,3101293,7,2
1,1,1,35,1,0,113789,52,2
0,3,0,27.90290082483428,0,0,349227,7,2
0,2,0,18,0,0,14879,73,2
0,3,0,1,5,2,2144,46,2
1,2,1,36,0,0,27849,13,2
0,3,0,31.26077411270505,0,0,367655,7,1
1,2,1,17,0,0,1748,12,0
1,1,0,36,1,2,113760,120,2
1,3,0,21,0,0,350034,7,2
0,3,0,28,2,0,3101277,7,2
1,1,1,23,1,0,35273,113,0
1,3,1,24,0,2,9549,16,2
0,3,0,22,0,0,350052,7,2
0,3,1,31,0,0,350407,7,2
0,2,0,46,0,0,28403,26,2
0,2,0,23,0,0,244278,10,2
1,2,1,28,0,0,240929,12,2
1,3,0,39,0,0,3101289,7,2
0,3,0,26,0,0,341826,8,2
0,3,1,21,1,0,4137,9,2
0,3,0,28,1,0,3101279,15,2
0,3,1,20,0,0,315096,8,2
0,2,0,34,1,0,28664,21,2
0,3,0,51,0,0,347064,7,2
1,2,0,3,1,1,29106,18,2
0,3,0,21,0,0,312992,7,2
0,3,1,14.826571650511765,3,1,4133,25,2
0,3,0,27.902899308046745,0,0,349222,7,2
0,3,0,31.76195949258464,0,0,394140,6,1
1,1,1,33,1,0,19928,90,1
0,2,0,33.705796632709664,0,0,239853,0,2
1,3,0,44,0,0,3101269,7,2
0,3,1,23.951738657947484,0,0,343095,8,2
1,2,1,34,1,1,28220,32,2
1,2,1,18,0,2,250652,13,2
0,2,0,30,0,0,28228,13,2
0,3,1,10,0,2,345773,24,2
0,3,0,34.066596560377704,0,0,349254,7,0
0,3,0,21,0,0,13032,7,1
0,3,0,29,0,0,315082,7,2
0,3,1,28,1,1,347080,14,2
0,3,0,18,1,1,370129,20,2
0,3,0,27.807348367042803,0,0,34244,7,2
1,2,1,28,1,0,2003,26,2
1,2,1,19,0,0,250655,26,2
0,3,0,31.218713148917075,0,0,364851,7,1
1,3,0,32,0,0,392078,8,2
1,1,0,28,0,0,110564,26,2
1,3,1,20.350956889234823,1,0,376564,16,2
1,2,1,42,1,0,3085,26,2
0,3,0,17,0,0,3101274,7,2
0,1,0,50,1,0,13507,55,2
1,1,1,14,1,2,113760,120,2
0,3,1,21,2,2,6608,34,2
1,2,1,24,2,3,29106,18,2
0,1,0,64,1,4,19950,263,2
0,2,0,31,0,0,18723,10,2
1,2,1,45,1,1,13529,26,2
0,3,0,20,0,0,345769,9,2
0,3,0,25,1,0,347076,7,2
1,2,1,28,0,0,230434,13,2
1,3,0,27.731903406990764,0,0,65306,8,2
1,1,0,4,0,2,33638,81,2
1,2,1,13,0,1,250644,19,2
1,1,0,34,0,0,113794,26,2
1,3,1,5,2,1,2666,19,0
1,1,0,52,0,0,113786,30,2
0,2,0,36,1,2,34651,27,2
0,3,0,24.06064269088886,1,0,65303,19,2
0,1,0,30,0,0,113051,27,0
1,1,0,49,1,0,17453,89,0
0,3,0,27.71700619907536,0,0,2817,8,2
1,3,0,29,0,0,349240,7,0
0,1,0,65,0,0,13509,26,2
1,1,1,40.80162270719699,1,0,17464,51,2
1,2,1,50,0,0,13531,10,2
0,3,0,31.31185028306814,0,0,371060,7,1
1,1,0,48,0,0,19952,26,2
0,3,0,34,0,0,364506,8,2
0,1,0,47,0,0,111320,38,2
0,2,0,48,0,0,234360,13,2
0,3,0,27.71700596067808,0,0,2816,8,2
0,3,0,38,0,0,3101306,7,2
0,2,0,33.705796632709664,0,0,239853,0,2
0,1,0,56,0,0,113792,26,2
0,3,0,26.288970188428355,0,0,36209,7,1
1,3,1,0,2,1,2666,19,0
0,3,0,27.895124255128987,0,0,323592,7,2
0,3,0,38,0,0,315089,8,2
1,2,1,33,1,2,34651,27,2
1,2,1,23,0,0,541,13,0
0,3,1,22,0,0,7553,9,2
0,1,0,39.51913024532776,0,0,110465,52,2
0,2,0,34,1,0,31027,21,2
0,3,0,29,1,0,3460,7,2
0,3,0,22,0,0,350060,7,2
1,3,1,2,0,1,3101298,12,2
0,3,0,9,5,2,2144,46,2
0,2,0,33.70578710758846,0,0,239854,0,2
0,3,0,50,0,0,3594,8,2
1,3,1,63,0,0,4134,9,2
1,1,0,25,1,0,11967,91,0
0,3,1,14.826571650511765,3,1,4133,25,2
1,1,1,35,1,0,19943,90,2
0,1,0,58,0,0,11771,29,0
0,3,0,30,0,0,18509,8,2
1,3,0,9,1,1,37671,15,2
0,3,0,24.060642489045026,1,0,65304,19,2
0,3,0,21,0,0,3101317,7,2
0,1,0,55,0,0,113787,30,2
0,1,0,71,0,0,17609,49,0
0,3,0,21,0,0,45380,8,2
0,3,0,23.23971457654639,0,0,2627,14,0
1,1,1,54,1,0,36947,78,0
0,3,0,27.150611917107888,0,0,6212,15,2
0,1,1,25,1,2,113781,151,2
0,3,0,24,0,0,350035,7,2
0,3,0,17,0,0,315086,8,2
0,3,1,21,0,0,364846,7,1
0,3,1,26.459070549443105,0,0,330909,7,1
0,3,1,37,0,0,4135,9,2
1,1,1,16,0,0,110152,86,2
0,1,0,18,1,0,17758,108,0
1,2,1,33,0,2,26360,26,2
1,1,0,40.45457759228897,0,0,111427,26,2
0,3,0,28,0,0,4001,22,2
1,3,0,26,0,0,1601,56,2
1,3,0,29,0,0,382651,7,1
0,3,0,28.455679946913673,0,0,3101316,8,2
1,1,0,36,0,0,17473,26,2
1,1,1,54,1,0,17603,59,0
0,3,0,24,0,0,349209,7,2
0,1,0,47,0,0,36967,34,2
1,2,1,34,0,0,34260,10,2
0,3,0,29.571711176935445,0,0,371110,24,1
1,2,1,36,1,0,226875,26,2
0,3,0,32,0,0,349242,7,2
1,1,1,30,0,0,12749,93,2
0,3,0,22,0,0,349252,7,2
0,3,0,23.77261108659871,0,0,2624,7,0
1,1,1,44,0,1,111361,57,0
0,3,0,23.774868083673425,0,0,2700,7,0
0,3,0,40,0,0,367232,7,1
1,2,1,50,0,0,14258,10,2
0,1,0,36.48098634885793,0,0,17483,221,2
0,3,0,39,0,0,3101296,7,2
0,2,0,23,2,1,29104,11,2
1,2,1,2,1,1,26360,26,2
0,3,0,23.773115941207536,0,0,2641,7,0
0,3,0,17,1,1,2690,7,0
1,3,1,21.14004876696657,0,2,2668,22,0
0,3,1,30,0,0,315084,8,2
1,2,1,7,0,2,13529,26,2
0,1,0,45,0,0,113050,26,2
1,1,1,30,0,0,17761,106,0
0,3,0,27.177409387497928,0,0,364498,14,2
1,1,1,22,0,2,13568,49,0
1,1,1,36,0,2,5735,71,2
0,3,1,9,4,2,347082,31,2
0,3,1,11,4,2,347082,31,2
1,2,0,32,1,0,2908,26,2
0,1,0,50,1,0,17761,106,0
0,1,0,64,0,0,693,26,2
1,2,1,19,1,0,2908,26,2
1,2,0,34.125598257012896,0,0,2146,13,0
0,3,0,33,1,1,363291,20,2
1,2,0,8,1,1,33112,36,2
1,1,0,17,0,2,17421,110,0
0,2,0,27,0,0,244358,26,2
0,3,0,30.710621506468218,0,0,330979,7,1
1,3,0,22,0,0,2620,7,0
1,3,1,22,0,0,347085,7,2
0,1,0,62,0,0,113807,26,2
1,1,1,48,1,0,11755,39,0
0,1,0,39.501266307129,0,0,17757,227,0
1,1,1,39,1,1,110413,79,2
1,3,1,36,1,0,345572,17,2
0,3,0,31.335280819957156,0,0,372622,7,1
0,3,0,40,0,0,349251,7,2
0,2,0,28,0,0,218629,13,2
0,3,0,27.809805918052934,0,0,392082,8,2
0,3,1,23.954434337344715,0,0,392087,8,2
0,3,0,24,2,0,48871,24,2
0,3,0,19,0,0,349205,7,2
0,3,1,29,0,4,349909,21,2
0,3,0,23.774452321054405,0,0,2686,7,0
1,3,0,32,0,0,350417,7,2
1,2,0,62,0,0,752,10,2
1,1,1,53,2,0,11769,51,2
1,1,0,36,0,0,17474,26,2
1,3,1,21.76806252536259,0,0,14312,7,1
0,3,0,16,0,0,20589,8,2
0,3,0,19,0,0,358585,14,2
1,2,1,34,0,0,243880,13,2
1,1,1,39,1,0,13507,55,2
0,3,1,12.62460858623988,1,0,2689,14,0
1,3,0,32,0,0,3101286,7,2
1,2,1,25,1,1,237789,30,2
1,1,1,39,1,1,17421,110,0
0,2,0,54,0,0,28403,26,2
0,1,0,36,0,0,13049,40,0
0,3,0,23.719791156147426,0,0,3411,8,0
1,1,1,18,0,2,110413,79,2
0,2,0,47,0,0,237565,15,2
1,1,0,60,1,1,13567,79,0
0,3,0,22,0,0,14973,8,2
0,3,0,27.717105849140307,0,0,3235,8,2
0,3,0,35,0,0,3101273,7,2
1,1,1,52,1,0,36947,78,0
0,3,0,47,0,0,3902,7,2
0,3,1,28.80036877428004,0,2,364848,7,1
0,2,0,37,1,0,29037,26,2
0,3,0,36,1,1,345773,24,2
1,2,1,27.975567335451036,0,0,248727,33,2
0,3,0,49,0,0,1024,0,2
0,3,0,23.773798979795934,0,0,2664,7,0
1,1,0,49,1,0,17485,56,0
1,2,1,24,2,1,243847,27,2
0,3,0,27.902896881186678,0,0,349214,7,2
0,1,0,39.81180209887652,0,0,113796,42,2
0,3,0,44,0,0,364511,8,2
1,1,0,35,0,0,111426,26,0
0,3,0,36,1,0,349910,15,2
0,3,0,30,0,0,349246,7,2
1,1,0,27,0,0,113804,30,2
1,2,1,22,1,2,2123,41,0
1,1,1,40,0,0,17582,153,2
0,3,1,39,1,5,347082,31,2
0,3,0,28.737764347417528,0,0,3101305,7,2
1,3,1,21.837640533901265,1,0,367230,15,1
0,3,0,31.30160504830808,0,0,370377,7,1
0,3,0,35,0,0,364512,8,2
1,2,1,24,1,2,220845,65,2
0,3,0,34,1,1,347080,14,2
0,3,1,26,1,0,3336,16,2
1,2,1,4,2,1,230136,39,2
0,2,0,26,0,0,31028,10,2
0,3,0,27,1,0,2659,14,0
1,1,0,42,1,0,11753,52,2
1,3,0,20,1,1,2653,15,0
0,3,0,21,0,0,350029,7,2
0,3,0,21,0,0,54636,16,2
0,1,0,61,0,0,36963,32,2
0,2,0,57,0,0,219533,12,1
1,1,1,21,0,0,13502,77,2
0,3,0,26,0,0,349224,7,2
0,3,0,30.769617858314927,0,0,334912,7,1
1,1,0,80,0,0,27042,30,2
0,3,0,51,0,0,347743,7,2
1,1,0,32,0,0,13214,30,0
0,1,0,41.39994991377294,0,0,112052,0,2
0,3,1,9,3,2,347088,27,2
1,2,1,28,0,0,237668,13,2
0,3,0,32,0,0,3101292,7,2
0,2,0,31,1,1,31921,26,2
0,3,1,41,0,5,3101295,39,2
0,3,0,24.402129957522256,1,0,376564,16,2
0,3,0,20,0,0,350050,7,2
1,1,1,24,0,0,17477,69,0
0,3,1,2,3,2,347088,27,2
1,3,0,23.841697430498307,0,0,1601,56,2
1,3,1,0,2,1,2666,19,0
1,1,0,48,1,0,17572,76,0
0,3,0,19,0,0,349231,7,2
1,1,0,56,0,0,13213,35,0
0,3,0,27.797188014043414,0,0,751,7,2
1,3,1,23,0,0,2314,7,2
0,3,0,27.90289900468924,0,0,349221,7,2
1,2,1,18,0,1,231919,23,2
0,3,0,21,0,0,8475,8,2
1,3,1,26.459218719135933,0,0,330919,7,1
0,3,1,18,0,0,365226,6,1
0,2,0,24,2,0,14879,73,2
0,3,0,27.902899611404248,0,0,349223,7,2
0,3,1,32,1,1,364849,15,1
0,2,0,23,0,0,29751,13,2
0,1,0,58,0,2,35273,113,0
1,1,0,50,2,0,17611,133,2
0,3,0,40,0,0,2623,7,0
0,1,0,47,0,0,5727,25,2
0,3,0,36,0,0,349210,7,2
1,3,0,20,1,0,3101285,7,2
0,2,0,32,2,0,14879,73,2
0,2,0,25,0,0,234686,13,2
0,3,0,27.891908968906765,0,0,312993,7,2
0,3,0,43,0,0,3536,8,2
1,1,1,40.68631635665342,1,0,19996,52,2
1,2,1,40,1,1,29750,39,2
0,1,0,31,1,0,12750,52,2
0,2,0,70,0,0,24580,10,2
1,2,0,31,0,0,244270,13,2
0,2,0,33.70576805734608,0,0,239856,0,2
0,3,0,18,0,0,349912,7,2
0,3,0,24,0,0,342826,8,2
1,3,1,18,0,0,4138,9,2
0,3,1,43,1,6,2144,46,2
1,1,0,36,0,1,17755,512,0
0,3,1,26.36324795400445,0,0,330935,8,1
1,1,0,27,0,0,17572,76,0
0,3,0,20,0,0,6563,9,2
0,3,0,14,5,2,2144,46,2
0,2,0,60,1,1,29750,39,2
0,2,0,25,1,2,2123,41,0
0,3,0,14,4,1,3101295,39,2
0,3,0,19,0,0,349228,10,2
0,3,0,18,0,0,350036,7,2
1,1,1,15,0,1,24160,211,2
1,1,0,31,1,0,17474,57,2
1,3,1,4,0,1,349256,13,0
1,3,0,23.841697430498307,0,0,1601,56,2
0,3,0,25,0,0,2672,7,0
0,1,0,60,0,0,113800,26,2
0,2,0,52,0,0,248731,13,2
0,3,0,44,0,0,363592,8,2
1,3,1,22.08722004371776,0,0,35852,7,1
0,1,0,49,1,1,17421,110,0
0,3,0,42,0,0,348121,7,2
1,1,1,18,1,0,17757,227,0
1,1,0,35,0,0,17475,26,2
0,3,1,18,0,1,2691,14,0
0,3,0,25,0,0,36864,7,1
0,3,0,26,1,0,350025,7,2
0,2,0,39,0,0,250655,26,2
1,2,1,45,0,0,223596,13,2
1,1,0,42,0,0,17476,26,2
1,1,1,22,0,0,113781,151,2
1,3,0,15.516716354103984,1,1,2661,15,0
1,1,1,24,0,0,17482,49,0
0,1,0,40.42016043540148,0,0,113028,26,2
1,1,0,48,1,0,19996,52,2
0,3,0,29,0,0,7545,9,2
0,2,0,52,0,0,250647,13,2
0,3,0,19,0,0,348124,7,2
1,1,1,38,0,0,17757,227,0
1,2,1,27,0,0,34218,10,2
0,3,0,25.648968754693808,0,0,36568,15,1
0,3,0,33,0,0,347062,7,2
1,2,1,6,0,1,248727,33,2
0,3,0,17,1,0,350048,7,2
0,2,0,34,0,0,12233,13,2
0,2,0,50,0,0,250643,13,2
1,1,0,27,1,0,113806,53,2
0,3,0,20,0,0,315094,8,2
1,2,1,30,3,0,31027,21,2
1,3,1,22.102244450570705,0,0,36866,7,1
0,2,0,25,1,0,236853,26,2
0,3,1,25,1,0,3101271,7,2
1,1,1,29,0,0,24160,211,2
0,3,0,11,0,0,2699,18,0
0,2,0,33.70577758246726,0,0,239855,0,2
0,2,0,23,0,0,28425,13,2
0,2,0,23,0,0,233639,13,2
0,3,0,28,0,0,54636,16,2
0,3,1,48,1,3,6608,34,2
1,1,0,35,0,0,17755,512,0
0,3,0,27.902892937539086,0,0,349201,7,2
0,3,0,27.90289809461672,0,0,349218,7,2
1,1,0,42.361952474981244,0,0,16988,30,2
0,1,0,36,1,0,19877,78,2
1,1,1,21,2,2,17608,262,0
0,3,0,24,1,0,376566,16,2
1,3,0,31,0,0,3101288,7,2
0,1,0,70,1,1,5735,71,2
0,3,0,16,1,1,2673,20,2
1,2,1,30,0,0,250648,13,2
0,1,0,19,1,0,113773,53,2
0,3,0,31,0,0,335097,7,1
1,2,1,4,1,1,29103,23,2
1,3,0,6,0,1,392096,12,2
0,3,0,33,0,0,345780,9,2
0,3,0,23,0,0,349204,7,2
1,2,1,48,1,2,220845,65,2
1,2,0,0,1,1,250649,14,2
0,3,0,28,0,0,350042,7,2
0,2,0,18,0,0,29108,11,2
0,3,0,34,0,0,363294,8,2
1,1,1,33,0,0,110152,86,2
0,3,0,27.178304403144185,0,0,358585,14,2
0,3,0,41,0,0,3101272,7,2
1,3,0,20,0,0,2663,7,0
1,1,1,36,1,2,113760,120,2
0,3,0,16,0,0,347074,7,2
1,1,1,51,1,0,13502,77,2
0,1,0,45.07468346979068,0,0,112379,39,0
0,3,1,30,0,0,364850,7,1
0,3,0,25.161895802289166,1,0,371110,24,1
0,3,0,32,0,0,8471,8,2
0,3,0,24,0,0,345781,9,2
0,3,0,48,0,0,350047,7,2
0,2,1,57,0,0,3,10,2
0,3,0,23.774095953095237,0,0,2674,7,0
1,2,1,54,1,3,29105,23,2
0,3,0,18,0,0,347078,7,2
0,3,0,31.49276942866259,0,0,383121,7,1
1,3,1,5,0,0,364516,12,2
0,3,0,26.298810413907997,0,0,36865,7,1
1,1,1,43,0,1,24160,211,2
1,3,1,13,0,0,2687,7,0
1,1,1,17,1,0,17474,57,2
0,1,0,29,0,0,113501,30,2
0,3,0,22.7293847190921,1,2,6607,23,2
0,3,0,25,0,0,3101312,7,2
0,3,0,25,0,0,374887,7,2
1,3,1,18,0,0,3101265,7,2
0,3,0,8,4,1,382652,29,1
1,3,0,1,1,2,2315,20,2
0,1,0,46,0,0,17593,79,0
0,3,0,25.932727025446617,0,0,12460,7,1
0,2,0,16,0,0,239865,26,2
0,3,1,10.609763459014367,8,2,2343,69,2
0,1,0,44.64105862456789,0,0,17600,30,0
0,3,0,25,0,0,349203,7,2
0,2,0,39,0,0,28213,13,2
1,1,1,49,0,0,17465,25,2
1,3,1,31,0,0,349244,8,2
0,3,0,30,0,0,2685,7,0
0,3,1,30,1,1,345773,24,2
0,2,0,34,0,0,250647,13,2
1,2,1,31,1,1,31921,26,2
1,1,0,11,1,2,113760,120,2
1,3,0,0,0,1,2625,8,0
1,3,0,27,0,0,347089,6,2
0,3,0,31,0,0,347063,7,2
0,1,0,39,0,0,112050,0,2
0,3,1,18,0,0,347087,7,2
0,2,0,39,0,0,248723,13,2
1,1,1,33,1,0,113806,53,2
0,3,0,26,0,0,3474,7,2
0,3,0,39,0,0,48871,24,2
0,2,0,35,0,0,28206,10,2
0,3,1,6,4,2,347082,31,2
0,3,0,30,0,0,364499,8,2
0,1,0,41.39983106384422,0,0,112058,0,2
0,3,1,23,0,0,3101290,7,2
0,2,0,31,1,1,2079,37,0
0,3,0,43,0,0,7075,6,2
0,3,0,10,3,2,347088,27,2
1,1,1,52,1,1,12749,93,2
1,3,0,27,0,0,315098,8,2
0,1,0,38,0,0,19972,0,2
1,3,1,27,0,1,392096,12,2
0,3,0,2,4,1,3101295,39,2
0,3,0,31.37301854071611,0,0,368323,6,1
0,3,0,23.841697430498307,0,0,1601,56,2
1,2,0,1,0,2,2079,37,0
1,3,0,31.254368965937047,0,0,367228,7,1
1,1,1,62,0,0,113572,80,-1
1,3,1,15,1,0,2659,14,0
1,2,0,0,1,1,29106,18,2
0,3,0,23.77400686110544,0,0,2671,7,0
0,3,0,23,0,0,347468,7,2
0,3,0,18,0,0,2223,8,2
1,1,1,39,1,1,17756,83,0
0,3,0,21,0,0,315097,8,2
0,3,0,27.809808302025772,0,0,392092,8,2
1,3,0,32,0,0,1601,56,2
1,1,0,44.62227411532146,0,0,11774,29,0
0,3,0,20,0,0,3101287,7,2
0,2,0,16,0,0,3,10,2
1,1,1,30,0,0,113798,31,0
0,3,0,34,0,0,2683,6,0
0,3,0,17,0,0,315090,8,2
0,3,0,42,0,0,5547,7,2
0,3,0,10.41858064294616,8,2,2343,69,2
0,3,0,35,0,0,349213,7,0
0,2,0,28,0,1,248727,33,2
1,1,1,37.18451245550502,1,0,17453,89,0
0,3,0,4,4,2,347082,31,2
0,3,0,74,0,0,347060,7,2
0,3,1,9,1,1,2678,15,0
1,1,1,16,0,1,17592,39,2
0,2,1,44,1,0,244252,26,2
1,3,1,18,0,1,392091,9,2
1,1,1,45,1,1,36928,164,2
1,1,0,51,0,0,113055,26,2
1,3,1,24,0,3,2666,19,0
0,3,0,23.77275957324837,0,0,2629,7,0
0,3,0,41,2,0,350026,14,2
0,2,0,21,1,0,28134,11,2
1,1,1,48,0,0,17466,25,2
0,3,1,10.609763459014367,8,2,2343,69,2
0,2,0,24,0,0,233866,13,2
1,2,1,42,0,0,236852,13,2
1,2,1,27,1,0,2149,13,0
0,1,0,31,0,0,17590,50,2
0,3,0,27.695679622148628,0,0,345777,9,2
1,3,0,4,1,1,347742,11,2
0,3,0,26,0,0,349248,7,2
1,1,1,47,1,1,11751,52,2
0,1,0,33,0,0,695,5,2
0,3,0,47,0,0,345765,9,2
1,2,1,28,1,0,3381,24,0
1,3,1,15,0,0,2667,7,0
0,3,0,20,0,0,7534,9,2
0,3,0,19,0,0,349212,7,2
0,3,0,27.902897791259196,0,0,349217,7,2
1,1,1,56,0,1,11767,83,0
1,2,1,25,0,1,230433,26,2
0,3,0,33,0,0,349257,7,2
0,3,1,22,0,0,7552,10,2
0,2,0,28,0,0,34068,10,2
0,3,0,25,0,0,392076,7,2
0,3,1,39,0,5,382652,29,1
0,2,0,27,0,0,211536,13,2
1,1,1,19,0,0,112053,30,2
0,3,1,23.963824002678425,1,2,6607,23,2
1,1,0,26,0,0,111369,30,0
0,3,0,32,0,0,370376,7,1
